INSERT INTO users_user (id, email, first_name, last_name, password, has_permission_create_user, has_permission_create_project)
VALUES 
  ('11111111-1111-1111-1111-111111111111', 'admin@example.com', 'Admin', 'User', 'admin123', 1, 1),
  ('22222222-2222-2222-2222-222222222222', 'john@example.com', 'John', 'Doe', '12345', 0, 1),
  ('33333333-3333-3333-3333-333333333333', 'jane@example.com', 'Jane', 'Smith', '12345', 0, 0);

INSERT INTO users_userrole (id, role, user_id)
VALUES 
  ('aaaa1111-1111-1111-1111-111111111111', 'Admin', '11111111-1111-1111-1111-111111111111'),
  ('aaaa2222-2222-2222-2222-222222222222', 'Developer', '22222222-2222-2222-2222-222222222222'),
  ('aaaa3333-3333-3333-3333-333333333333', 'Tester', '33333333-3333-3333-3333-333333333333');

INSERT INTO projects_project (id, name, description, key)
VALUES
  ('44444444-4444-4444-4444-444444444444', 'Project Alpha', 'First demo project', 'ALPHA'),
  ('55555555-5555-5555-5555-555555555555', 'Project Beta', 'Second test project', 'BETA');

INSERT INTO projects_projectstatus (id, status, "order", project_id)
VALUES
  ('66666666-6666-6666-6666-666666666666', 'To Do', 1, '44444444-4444-4444-4444-444444444444'),
  ('77777777-7777-7777-7777-777777777777', 'In Progress', 2, '44444444-4444-4444-4444-444444444444'),
  ('88888888-8888-8888-8888-888888888888', 'Done', 3, '44444444-4444-4444-4444-444444444444'),
  ('99999999-9999-9999-9999-999999999999', 'Open', 1, '55555555-5555-5555-5555-555555555555');

INSERT INTO projects_projectuser (id, project_id, user_id)
VALUES
  ('bbbb1111-1111-1111-1111-111111111111', '44444444-4444-4444-4444-444444444444', '11111111-1111-1111-1111-111111111111'),
  ('bbbb2222-2222-2222-2222-222222222222', '44444444-4444-4444-4444-444444444444', '22222222-2222-2222-2222-222222222222'),
  ('bbbb3333-3333-3333-3333-333333333333', '55555555-5555-5555-5555-555555555555', '33333333-3333-3333-3333-333333333333');

INSERT INTO projects_projecttask (
  id, title, description, "order", type, priority, deadline, created_at, status_updated_at, updated_at,
  assigned_to_id, author_id, observer_id, project_id, status_id
)
VALUES
  ('cccc1111-1111-1111-1111-111111111111', 'Create Login Page', 'Design and code login UI', 1, 'UI', 'High', '2025-10-20', '2025-10-13 12:00:00', '2025-10-13 12:00:00', '2025-10-13 12:00:00', 
   '22222222-2222-2222-2222-222222222222', '11111111-1111-1111-1111-111111111111', NULL, '44444444-4444-4444-4444-444444444444', '66666666-6666-6666-6666-666666666666'),

  ('cccc2222-2222-2222-2222-222222222222', 'Implement API', 'Develop REST API for backend', 2, 'Backend', 'Medium', '2025-10-25', '2025-10-13 12:00:00', '2025-10-13 12:00:00', '2025-10-13 12:00:00',
   '33333333-3333-3333-3333-333333333333', '11111111-1111-1111-1111-111111111111', '22222222-2222-2222-2222-222222222222', '44444444-4444-4444-4444-444444444444', '77777777-7777-7777-7777-777777777777');
